"taxa","mean.density","sd.density","n"
"Appendicularia",9.4888526238,11.7223732760161,10
"Calycophorae",2.417302677625,1.96379929129685,8
"Ctenophora",1.210514975,NA,1
"Doliolida",1.228898645625,1.87032195521214,8
"gelatinous",10.465386115625,14.9309525104898,8
"Hydrozoa",2.298530272,2.23046884946958,5
"Salpa",21.2750283634444,43.1671360902729,9
